,cities,headline,Latitude,Longitude,Countries
0,Miami,Zika Outbreak Hits Miami,25.77427,-80.19366,United States
1,New York City,Could Zika Reach New York City?,40.71427,-74.00597,United States
2,Miami Beach,First Case of Zika in Miami Beach,25.79065,-80.13005,United States
3,Recife,"Mystery Virus Spreads in Recife, Brazil",-8.05389,-34.88111,Brazil
4,Dallas,Dallas man comes down with case of Zika,32.78306,-96.80667,United States
5,Trinidad,Trinidad confirms first Zika case,-14.83333,-64.9,Bolivia
6,Houston,Zika Concerns are Spreading in Houston,29.76328,-95.36327,United States
7,Geneve,Geneve Scientists Battle to Find Cure,46.20222,6.14569,Switzerland
8,Atlanta,The CDC in Atlanta is Growing Worried,33.749,-84.38798,United States
9,Sao Paulo,Zika Infested Monkeys in Sao Paulo,-23.5475,-46.63611,Brazil
10,Brownsville,Brownsville teen contracts Zika virus,25.90175,-97.49748,United States
11,St. Louis,Mosquito control efforts in St. Louis take new tactics with Zika threat,38.62727,-90.19789,United States
12,San Juan,San Juan reports 1st U.S. Zika-related death amid outbreak,-31.5375,-68.53639,Argentina
13,Galveston,"Flu outbreak in Galveston, Texas",29.30135,-94.7977,United States
14,Manila,Zika alert - Manila now threatened,14.6042,120.9822,Philippines
15,Iloilo,Zika afflicts 7 in Iloilo City,10.69694,122.56444,Philippines
16,Los Angeles,New Los Angeles Hairstyle goes Viral,34.05223,-118.24368,United States
18,Orlando,Orlando volunteers aid Zika research,28.53834,-81.37924,United States
20,Chicago,Chicago's First Zika Case Confirmed,41.85003,-87.65005,United States
21,Tampa,Tampa Bay Area Zika Case Count Climbs,27.94752,-82.45843,United States
22,Flint,"Bad Water Leads to Sickness in Flint, Michigan",43.01253,-83.68746,United States
23,Baltimore,Baltimore plans for Zika virus,39.29038,-76.61219,United States
24,London,London Health Unit Tracks Mad Cow Disease,51.50853,-0.12574,United Kingdom
25,Ho Chi Minh City,Zika cases in Vietnam's Ho Chi Minh City surge,10.82302,106.62965,Vietnam
26,Philadelphia,Philadelphia experts track pandemic,39.95233,-75.16379,United States
27,Boston,Flu season hits Boston,42.35843,-71.05977,United States
28,Paris,Scientists in Paris to look for answers,48.85341,2.3488,France
29,San Diego,Key Zika Findings in San Diego Institute,32.71571,-117.16472,United States
30,Bangkok,Thailand-Zika Virus in Bangkok,13.75398,100.50144,Thailand
31,Beijing,Beijing team cracks Zika secret,39.9075,116.39723,China
32,Salvador,Zika spreading to Salvador,-12.97111,-38.51083,Brazil
33,Kuala Lumpur,Kuala Lumpur is Hit By Zika Threat,3.1412,101.68653,Malaysia
34,Yangon,First Zika case confirmed in Yangon,16.80528,96.15611,Myanmar
35,Tallahassee,Tallahassee Doctors Discuss Zika Virus,30.43826,-84.28073,United States
36,San Francisco,Zika Virus Reaches San Francisco,37.77493,-122.41942,United States
37,Bethesda,New Vaccine on Trial in Bethesda District,38.98067,-77.10026,United States
38,Townsville,Townsville Zika tests inconclusive,-19.26639,146.80569,Australia
39,Mandaluyong City,Mandaluyong City under Siege by Virus,14.5832,121.0409,Philippines
40,Santa Rosa,Hepatitis E re-emerges in Santa Rosa,14.31222,121.11139,Philippines
41,San Salvador,Zika worries in San Salvador,13.68935,-89.18718,El Salvador
42,Cleveland,Zika virus reported in Cleveland,41.4995,-81.69541,United States
43,Austin,More Zika patients reported in Austin,30.26715,-97.74306,United States
44,Piracicaba,"Zika outbreak in Piracicaba, Brazil",-22.72528,-47.64917,Brazil
45,Lima,Lima tries to address Zika Concerns,-12.04318,-77.02824,Peru
46,Toronto,More people in Toronto are infected with Hepatitis E every year,43.70011,-79.4163,Canada
47,Bogota,18 new Zika Cases in Bogota,4.60971,-74.08175,Colombia
49,Brisbane,Brisbane is infested with Meningitis,-27.46794,153.02809,Australia
50,Dakar,Cholera outbreak in Dakar,14.6937,-17.44406,Senegal
51,Havana,Zika Virus Transmission Detected in Havana,23.13302,-82.38304,Cuba
52,Key West,Zika symtomps spotted in Key West,24.55524,-81.78163,United States
53,Vancouver,Case of Measles Reported in Vancouver,49.24966,-123.11934,Canada
54,Seattle,"Seattle scientists get $500,000 grant to pursue Zika vaccine New 7:50 pm",47.60621,-122.33207,United States
55,Nashville,Nashville takes precautions against Zika,36.16589,-86.78444,United States
56,Saint Croix,Saint Croix under Zika threat,17.72751,-64.74698,U.S. Virgin Islands
57,Fort Collins,Fort Collins Encounters Severe Symptoms of Gonorrhea,40.58526,-105.08442,United States
58,Klang,"Zika surfaces in Klang, Malaysia",3.03667,101.44333,Malaysia
59,Guatemala City,Rumors about Meningitis spreading in Guatemala City have been refuted,14.64072,-90.51327,Guatemala
60,Madison,Madison lab developing vaccine against Zika virus [The Wisconsin State Journal],43.07305,-89.40123,United States
61,Sarasota,New Zika Case Confirmed in Sarasota County,27.33643,-82.53065,United States
62,Entebbe,Lower Hospitalization in Entebbe after Rabies Vaccine becomes Mandatory,0.05621,32.47949,Uganda
64,Brasilia,Second Zika Paitient in Brasilia,-15.77972,-47.92972,Brazil
65,Jacksonville,Jacksonville man hit by Zika,30.33218,-81.65565,United States
66,Shenzhen,Schools in Shenzhen Closed Due to Malaria Outbreak,22.54554,114.0683,China
67,Caracas,Caracas patient dies,10.48801,-66.87919,Venezuela
68,Quezon City,More Quezon City Zika Transmissions,14.6488,121.0509,Philippines
69,Sydney,Schools in Sydney Closed Due to Respiratory Syncytial Virus Outbreak,-33.86785,151.20732,Australia
70,Mumbai,Mumbai's Health Minister warns of more Zika cases,19.07283,72.88261,India
71,Pune,Pune woman diagnosed with Zika,18.51957,73.85535,India
72,Hanoi,Hospitals in Hanoi fill up with Zika patients,21.0245,105.84117,Vietnam
74,Silver Spring,Authorities are Worried about the Spread of Bronchitis in Silver Spring,38.99067,-77.02609,United States
75,Delhi,Zika: Delhi for strict monitoring,28.65195,77.23149,India
77,Belize City,Belize City under threat from Zika,17.49952,-88.19756,Belize
78,Campinas,"Student sick in Campinas, Brazil",-22.90556,-47.06083,Brazil
79,Soyapango,More Zika cases in Soyapango,13.71024,-89.13989,El Salvador
80,Rome,Authorities are Worried about the Spread of Mad Cow Disease in Rome,41.89193,12.51133,Italy
81,Seoul,Seoul confirms 14th Zika infection,37.566,126.9784,South Korea
82,Quebec,Hepatitis B Vaccine is now Required in Quebec,46.81228,-71.21454,Canada
83,Mexico City,Zika outbreak spreads to Mexico City,19.42847,-99.12766,Mexico
84,Rochester,Rochester authorities confirmed the spread of Dengue,43.15478,-77.61556,United States
85,El Paso,El Paso fighting Zika,31.75872,-106.48693,United States
86,Cucuta,Visitor to Cucuta contracts Zika,7.89391,-72.50782,Colombia
87,Jakarta,Zika now spreading through Jakarta,-6.21462,106.84513,Indonesia
89,Salt Lake City,Salt Lake City tests new cure for Respiratory Syncytial Virus,40.76078,-111.89105,United States
90,San Antonio,Zika San Antonio Patient Speaks Out,29.42412,-98.49363,United States
91,Kampala,Ebola outbreak in Kampala,0.31628,32.58219,Uganda
92,Rockhampton,Precautionary Zika measures in Rockhampton,-23.38032,150.50595,Australia
93,Tegucigalpa,Zika arrives in Tegucigalpa,14.0818,-87.20681,Honduras
94,Belo Horizonte,New Zika Case Confirmed in Belo Horizonte,-19.92083,-43.93778,Brazil
95,Melbourne,Case of Hepatitis E Reported in Melbourne,-37.814,144.96332,Australia
96,Columbus,First Columbus Zika case,39.96118,-82.99879,United States
97,Taipei,New medicine wipes out Tuberculosis in Taipei,25.04776,121.53185,Taiwan
98,Seminole,"Zika Patient in Seminole, Florida",27.83975,-82.79121,United States
99,Antipolo,Antipolo under threat from Zika Virus,14.62578,121.12251,Philippines
100,Bacoor,Spreading Zika reaches Bacoor,14.45896,120.93851,Philippines
101,Can,Can Zika make it here to Vero Beach?,40.03328,27.05236,Turkey
102,Calamba,Zika afflicts patient in Calamba,14.21167,121.16528,Philippines
103,Hollywood,Hollywood Outbreak Film Premieres,34.09834,-118.32674,United States
104,Petaling Jaya,Petaling Jaya man ill from Zika,3.10726,101.60671,Malaysia
105,Johannesburg,Malaria is Spreading in Johannesburg,-26.20227,28.04363,South Africa
106,Buenos Aires,Authorities are Worried about the Spread of Norovirus in Buenos Aires,-34.61315,-58.37723,Argentina
107,Guangzhou,Guangzhou Patient in Critical Condition after Contracting Swine Flu,23.11667,113.25,China
108,Doral,Doral hit by Deadly Virus,25.81954,-80.35533,United States
109,Tokyo,Tokyo Encounters Severe Symptoms of Meningitis,35.6895,139.69171,Japan
110,Hamilton,Rabies Exposure in Hamilton,43.25011,-79.84963,Canada
111,Savannah,Authorities are Worried about the Spread of Influenza in Savannah,32.08354,-81.09983,United States
112,Hyderabad,Zika Outbreak in Hyderabad,17.38405,78.45636,India
113,Birmingham,Birmingham Residents Recieve Rabies vaccine,52.48142,-1.89983,United Kingdom
114,Majuro,Is Zika virus in Majuro?,7.08971,171.38027,Marshall Islands
115,Cancun,Spreading Zika ruining Cancun fun,21.17429,-86.84656,Mexico
116,Cancun,Cancun hit by Outbreak of Party Fever!,21.17429,-86.84656,Mexico
117,Fairfax,HIV has Arrived in Fairfax,38.84622,-77.30637,United States
118,Barcelona,Spanish Flu Outbreak in Barcelona,41.38879,2.15899,Spain
119,Santa Barbara,Santa Barbara tests new cure for Hepatitis C,34.42083,-119.69819,United States
120,Spring,Spring break ruined by Zika in Fort Lauderdale,30.07994,-95.41716,United States
121,Villavicencio,Villavicencio under Zika threat,4.142,-73.62664,Colombia
122,Laredo,Two more Zika cases confirmed in Laredo,27.50641,-99.50754,United States
123,New Delhi,New Delhi Addressing Zika Concerns,28.63576,77.22445,India
124,Kota Kinabalu,"New Zika Case in Kota Kinabalu, Malaysia",5.9749,116.0724,Malaysia
125,Ventura,New medicine wipes out West Nile Virus in Ventura,34.27834,-119.29317,United States
126,Nassau,Meningitis re-emerges in Nassau,25.05823,-77.34306,Bahamas
127,Johor Bahru,"Zika reaches Johor Bahru, Malaysia",1.4655,103.7578,Malaysia
128,Nha Trang,Nha Trang Zika Outbreak,12.24507,109.19432,Vietnam
129,Cincinnati,First Zika Case in Cincinnati,39.12711,-84.51439,United States
130,Molo,Molo Cholera Spread Causing Concern,-0.24849,35.73194,Kenya
131,Hong Kong,Norovirus Exposure in Hong Kong,22.27832,114.17469,Hong Kong
132,Sengkang,19 new Zika Cases in Sengkang,-4.1279,120.0297,Indonesia
133,Charlotte,Zika cases concern Charlotte residents,35.22709,-80.84313,United States
134,Batangas,Batangas Tourism Takes a Hit as Virus Spreads,13.7567,121.0584,Philippines
135,Johannesburg,Johannesburg Patient in Critical Condition after Contracting Pneumonia,-26.20227,28.04363,South Africa
136,Bacolod City,Outbreak of Zika in Bacolod City,10.66667,122.95,Philippines
137,Masaya,Respiratory Syncytial Virus Keeps Spreading in Masaya,11.97444,-86.09417,Nicaragua
138,Springfield,Spike of Pneumonia Cases in Springfield,37.21533,-93.29824,United States
140,Jupiter,Zika case reported in Jupiter,26.93422,-80.09421,United States
141,Westchester,Zika virus confirmed in Westchester,25.75482,-80.32727,United States
142,Abuja,Authorities are Worried about the Spread of Tuberculosis in Abuja,9.05785,7.49508,Nigeria
143,San Juan Capistrano,Rumors about Hepatitis D Spreading in San Juan Capistrano have been Refuted,33.50169,-117.66255,United States
144,Spokane,The Spread of Measles in Spokane has been Confirmed,47.65966,-117.42908,United States
145,Rio Grande,Zika alert for Rio Grande Valley residents,-53.78769,-67.70946,Argentina
146,Colombo,Zika symptoms spotted in Colombo,6.93548,79.84868,Sri Lanka
147,Louisville,West Nile Virus Outbreak in Louisville,38.25424,-85.75941,United States
148,Baton Rouge,New details in Baton Rouge cop killings,30.44332,-91.18747,United States
149,Florence,Hepatitis B has not Left Florence,43.77925,11.24626,Italy
150,Pensacola,More Zika patients reported in Pensacola,30.42131,-87.21691,United States
151,Corpus Christi,Outbreak of Zika in Corpus Christi,27.80058,-97.39638,United States
152,Lemon Grove,How to Avoid Rhinovirus in Lemon Grove,32.74255,-117.03142,United States
153,Huntsville,Rumors about Rotavirus spreading in Huntsville have been refuted,34.7304,-86.58594,United States
154,Athens,Rhinovirus has Arrived in Athens,37.98376,23.72784,Greece
155,Panama City,Outbreak of Zika in Panama City,30.15946,-85.65983,United States
157,Brooklyn,Measles has not Left Brooklyn,40.6501,-73.94958,United States
158,Escondido,Escondido neighborhood to get sprayed for Zika virus,33.11921,-117.08642,United States
159,Belmont,"Zika in Belmont, Belmont worry",37.52021,-122.2758,United States
160,Sacramento,Influenza has not Left Sacramento,38.58157,-121.4944,United States
161,Veracruz,Veracruz hit by Zika Concerns,19.18095,-96.1429,Mexico
162,Dayton,Case of Mumps Reported in Dayton,39.75895,-84.19161,United States
163,Kingston,Authorities are Worried about the Spread of Dengue in Kingston,17.99702,-76.79358,Jamaica
164,Gainesville,Gainesville Deals with Disease Concerns,29.65163,-82.32483,United States
165,Montevideo,Montevideo Encounters Severe Symptoms of Rotavirus,-34.90328,-56.18816,Uruguay
166,Detroit,Varicella Keeps Spreading in Detroit,42.33143,-83.04575,United States
167,Arhus,Arhus is infested with Bronchitis,56.15674,10.21076,Denmark
168,Niteroi,Zika Troubles come to Niteroi,-22.88333,-43.10361,Brazil
169,Singapore,Zika cases in Singapore reach 393,1.28967,103.85007,Singapore
170,Manhattan,Manhattan Residents Recieve HIV vaccine,40.78343,-73.96625,United States
171,Miri,Zika arrives in Miri,4.39928,113.99163,Malaysia
172,Syracuse,Rumors about Dengue Spreading in Syracuse have been Refuted,43.04812,-76.14742,United States
173,Raleigh,Will Norovirus vaccine help Raleigh?,35.7721,-78.63861,United States
174,Auckland,Lower Hospitalization in Auckland after Hepatitis D Vaccine becomes Mandatory,-36.84853,174.76349,New Zealand
175,Shreveport,How to Avoid Gonorrhea in Shreveport,32.52515,-93.75018,United States
176,Ithaca,Ithaca is infested with Dengue,42.44063,-76.49661,United States
177,Strasbourg,Will MCD vaccine help Strasbourg?,48.58392,7.74553,France
178,Fresno,New medicine wipes out Measles in Fresno,36.74773,-119.77237,United States
179,Missoula,BREAKING - Zika in Missoula,46.87215,-113.994,United States
180,Santos,Zika arrives in Santos,-23.96083,-46.33361,Brazil
181,Belfort,Sick Livestock Leads to Serious Trouble for Belfort,47.64218,6.85385,France
182,Libreville,Hepatitis E has not Left Libreville,0.39241,9.45356,Gabon
183,Tucson,New medicine wipes out Chikungunya in Tucson,32.22174,-110.92648,United States
184,Winnipeg,Norovirus has Arrived in Winnipeg,49.8844,-97.14704,Canada
185,Kansas City,Hepatitis B Comes to Kansas City,39.09973,-94.57857,United States
186,Cambridge,More Patients in Cambridge are Getting Diagnosed with Chickenpox,52.2,0.11667,United Kingdom
187,Toledo,Chikungunya Exposure in Toledo,41.66394,-83.55521,United States
188,Lafayette,Is Lafayette prepared to combat Zika?,30.22409,-92.01984,United States
189,Mecca,Mecca tests new cure for Chikungunya,21.42664,39.82563,Saudi Arabia
190,San Benito,Zika arrives in San Benito,16.91675,-89.91898,Guatemala
191,Harrisburg,Syphilis Outbreak in Harrisburg,40.2737,-76.88442,United States
192,North Miami,Zika Arrives in North Miami,25.89009,-80.18671,United States
193,Urbana,Urbana Encounters Severe Symptoms of Meningitis,40.11059,-88.20727,United States
194,Pittsburgh,Pittsburgh Residents Recieve Norovirus vaccine,40.44062,-79.99589,United States
195,Denver,Chikungunya Hits Denver,39.73915,-104.9847,United States
196,Tunapuna,Zika case recorded in Tunapuna >>,10.65245,-61.38878,Trinidad and Tobago
197,Mandalay,Spike of Respiratory Syncytial Virus Cases in Mandalay,21.97473,96.08359,Myanmar
198,Boulder,HIV Keeps Spreading in Boulder,40.01499,-105.27055,United States
199,Joao Pessoa,More Zika patients reported in Joao Pessoa,-7.115,-34.86306,Brazil
200,Rockville,Will Tuberculosis vaccine help Rockville?,39.084,-77.15276,United States
201,Chatham,Mad Cow Disease Re-emerges in Chatham,51.37891,0.52786,United Kingdom
202,Ontario,Zika Virus Arrives in Ontario,34.06334,-117.65089,United States
203,Naples,Mad Cow Disease Hits Naples,40.85216,14.26811,Italy
204,Davao,More Zika patients reported in Davao,7.07306,125.61278,Philippines
205,Arcadia,The Spread of Chikungunya in Arcadia has been Confirmed,34.13973,-118.03534,United States
206,Oxford,Oxford tests new cure for HIV,51.75222,-1.25596,United Kingdom
207,Stephenville,Outbreak of Zika in Stephenville,32.2207,-98.20226,United States
208,Providence,Providence Encounters Severe Symptoms of Dengue,41.82399,-71.41283,United States
209,Windsor,Tests negative on Windsor Zika carriers,42.30008,-83.01654,Canada
210,Valdosta,Zika battle outlined at Valdosta meeting,30.83334,-83.28032,United States
211,Coral Gables,Zika case reported in Coral Gables,25.72149,-80.26838,United States
212,Danbury,Hepatitis C Outbreak in Danbury,41.39482,-73.45401,United States
213,Chula Vista,Chickenpox has Arrived in Chula Vista,32.64005,-117.0842,United States
214,Jefferson,Syphilis Hits Jefferson,38.86456,-77.18776,United States
215,Las Vegas,Will HIV vaccine help Las Vegas?,36.17497,-115.13722,United States
216,West Palm Beach,Zika arrives in West Palm Beach,26.71534,-80.05337,United States
217,Mobile,Mobile authorities confirmed the spread of Bronchitis,30.69436,-88.04305,United States
218,Daytona Beach,Zika spreads to Daytona Beach,29.21081,-81.02283,United States
219,Lausanne,Lausanne Residents Recieve Meningitis vaccine,46.516,6.63282,Switzerland
220,San Jose,Rhinovirus Comes to San Jose,37.33939,-121.89496,United States
221,Farmington,Spike of Chlamydia Cases in Farmington,36.72806,-108.21869,United States
222,Union,Authorities are Worried about the Spread of Rotavirus in Union,40.6976,-74.2632,United States
223,Albany,Rumors about Hepatitis D spreading in Albany have been refuted,42.65258,-73.75623,United States
224,Bello,Zika symptoms spotted in Bello,6.33732,-75.55795,Colombia
225,Hamburg,Will Meningitis vaccine help Hamburg?,53.57532,10.01534,Germany
226,Madera,Madera Patient in Critical Condition after Contracting Rabies,36.96134,-120.06072,United States
227,Lubbock,Zika Virus Detected in Lubbock,33.57786,-101.85517,United States
228,Boise,Malaria re-emerges in Boise,43.6135,-116.20345,United States
229,Lagos,Varicella re-emerges in Lagos,6.45407,3.39467,Nigeria
230,Ibadan,Vericella spreading in Ibadan,7.37756,3.90591,Nigeria
231,Birmingham,Schools in Birmingham Closed Due to Measles Outbreak,52.48142,-1.89983,United Kingdom
232,Waldorf,How to Avoid Hepatitis B in Waldorf,38.62456,-76.93914,United States
235,Newark,Tuberculosis Outbreak in Newark,40.73566,-74.17237,United States
236,Sparks,Zika Virus Sparks 'International Concern',39.53491,-119.75269,United States
237,Berlin,Spike of Chlamydia Cases in Berlin,52.52437,13.41053,Germany
238,Ardmore,Zika-carrying mosquitoes discovered in Ardmore,34.17426,-97.14363,United States
239,Florida,"Zika Mosquitoes May Have Bred in Bromeliads, Florida Officials Say",21.52536,-78.22579,Cuba
240,Fontainebleau,More Livestock in Fontainebleau are infected with Mad Cow Disease,48.40908,2.70177,France
241,Frisco,Frisco Woman Tests Positive For Zika Virus,33.15067,-96.82361,United States
242,Dubai,Authorities are Worried about the Spread of Norovirus in Dubai,25.07725,55.30927,United Arab Emirates
243,Benton,Benton Residents Recieve Pneumonia vaccine,34.56454,-92.58683,United States
244,Calgary,Case of Hepatitis A Reported in Calgary,51.05011,-114.08529,Canada
245,Pinewood,Zika Outbreak in Pinewood,25.86898,-80.21699,United States
246,Ljubljana,Will Swine Flu vaccine help Ljubljana?,46.05108,14.50513,Slovenia
247,Tehran,Bronchitis re-emerges in Tehran,35.69439,51.42151,Iran
249,Murcia,Mad Cow case in Murcia,37.98704,-1.13004,Spain
250,Margate,Mad Cow Disease Spreads to Margate,51.38132,1.38617,United Kingdom
251,St. Petersburg,Zika Strikes St. Petersburg,27.77086,-82.67927,United States
253,Vienna,Will the Mad Cow Outbreak Reach Vienna?,48.20849,16.37208,Austria
254,Orange,More Patients in Orange are Getting Diagnosed with Chickenpox,33.78779,-117.85311,United States
255,Richmond,Lower Hospitalization in Richmond after Mumps Vaccine becomes Mandatory,37.55376,-77.46026,United States
256,Medina,Meningitis re-emerges in Medina,24.46861,39.61417,Saudi Arabia
258,Hidalgo,Four cases of Zika in Hidalgo County,25.97205,-100.45029,Mexico
259,Hollywood,Zika symptoms spotted in Hollywood,34.09834,-118.32674,United States
260,Oaxaca,Zika arrives in Oaxaca,17.06542,-96.72365,Mexico
261,Durham,More people in Durham are infected with Chlamydia every year,35.99403,-78.89862,United States
262,Taoyuan City,Authorities are Worried about the Spread of Gonorrhea in Taoyuan City,24.99368,121.29696,Taiwan
263,La Jolla,Swine Flu re-emerges in La Jolla,32.84727,-117.2742,United States
264,Hartford,Tuberculosis Outbreak in Hartford,41.76371,-72.68509,United States
265,New Bedford,Rumors about Mumps Spreading in New Bedford have been Refuted,41.63526,-70.92701,United States
266,Tulsa,Respiratory Syncytial Virus Vaccine is now Required in Tulsa,36.15398,-95.99277,United States
267,Indianapolis,More people in Indianapolis are infected with Norovirus every year,39.76838,-86.15804,United States
268,Dhaka,Lower Hospitalization in Dhaka after Measles Vaccine becomes Mandatory,26.67479,85.16698,India
269,Albany,Albany Residents Recieve Respiratory Syncytial Virus vaccine,42.65258,-73.75623,United States
271,Starkville,Rotavirus Vaccine is now Required in Starkville,33.45049,-88.81961,United States
272,Yaounde,Schools in Yaounde Closed Due to Mumps Outbreak,3.86667,11.51667,Cameroon
273,Nadi,More people in Nadi are infected with HIV every year,-17.80309,177.41617,Fiji
274,Tocumen,Tocumen tests new cure for Hepatitis A,9.08939,-79.3831,Panama
275,Phnom Penh,Phnom Penh hit by Zika Threat,11.56245,104.91601,Cambodia
276,Harlingen,Zika Troubles come to Harlingen,26.19063,-97.6961,United States
277,Barranquilla,Zika spreads to Barranquilla,10.96854,-74.78132,Colombia
278,Milwaukee,Milwaukee authorities confirmed the spread of Rhinovirus,43.0389,-87.90647,United States
279,Rotterdam,Mad Cow Disease Hits Rotterdam,51.9225,4.47917,Netherlands
280,Arlington,Zika symptoms spotted in Arlington,32.73569,-97.10807,United States
281,Yogyakarta,West Nile Virus Hits Yogyakarta,-7.80139,110.36472,Indonesia
282,Dublin,More Patients in Dublin are Getting Diagnosed with Bronchitis,53.33306,-6.24889,Ireland
283,Baud,Rumors about Tuberculosis Spreading in Baud have been Refuted,20.83773,84.32618,India
284,Salem,Rumors about West Nile Virus Spreading in Salem have been Refuted,11.65376,78.15538,India
285,St. Catharines,St. Catharines Patient in Critical Condition after Contracting Dengue,43.17126,-79.24267,Canada
287,Camacari,More Zika patients reported in Camacari,-12.6975,-38.32417,Brazil
288,Pasig City,Outbreak of Zika in Pasig City,14.58691,121.0614,Philippines
289,Kampong Cham,Zika Troubles come to Kampong Cham,11.99339,105.4635,Cambodia
290,Rizal,Zika case reported in Rizal,15.7118,121.1061,Philippines
291,Palm Beach Gardens,Zika Spreads to Palm Beach Gardens,26.82339,-80.13865,United States
292,Saint Petersburg,More people in Saint Petersburg are infected with Varicella every year,59.93863,30.31413,Russia
293,Meriden,Spike of Herpes Cases in Meriden,41.53815,-72.80704,United States
294,Abilene,Zika case reported in Abilene,32.44874,-99.73314,United States
295,Palm Springs,Outbreak of Zika in Palm Springs,33.8303,-116.54529,United States
296,Halifax,Halifax is infested with Swine Flu,44.64533,-63.57239,Canada
297,Natal,Zika arrives in Natal,-5.795,-35.20944,Brazil
298,Rochester,Herpes Keeps Spreading in Rochester,43.15478,-77.61556,United States
299,Phetchabun,Zika case reported in Phetchabun,16.41904,101.16056,Thailand
300,Bullhead City,How to Avoid Pneumonia in Bullhead City,35.14778,-114.5683,United States
301,Wellington,West Nile Virus re-emerges in Wellington,-41.28664,174.77557,New Zealand
302,Ottawa,Rumors about Pneumonia spreading in Ottawa have been refuted,45.41117,-75.69812,Canada
303,Summerville,Meningitis re-emerges in Summerville,33.0185,-80.17565,United States
304,Bloomington,Pneumonia Symptoms Spread all over Bloomington,44.8408,-93.29828,United States
305,Stuttgart,More Patients in Stuttgart are Getting Diagnosed with Rabies,48.78232,9.17702,Germany
306,Glasgow,Schools in Glasgow Closed Due to Hepatitis B Outbreak,55.86515,-4.25763,United Kingdom
307,Phoenix,Phoenix Residents Recieve Syphilis vaccine,33.44838,-112.07404,United States
309,Madrid,Spanish flu spreading in Madrid,40.4165,-3.70256,Spain
310,Madrid,Rabies Hits Madrid,40.4165,-3.70256,Spain
311,Weslaco,Zika Outbreak in Weslaco,26.15952,-97.99084,United States
312,Santiago,How to Avoid Chlamydia in Santiago,-33.45694,-70.64827,Chile
313,Las Cumbres,Rotavirus Vaccine is now Required in Las Cumbres,9.08916,-79.52809,Panama
314,Jefferson,Mumps Symptoms Spread all over Jefferson,38.86456,-77.18776,United States
315,Ennis,Mad Cow Outbreak Spreading in Ennis,52.84361,-8.98639,Ireland
316,Southampton,Southampton Patient in Critical Condition after Contracting Tuberculosis,50.90395,-1.40428,United Kingdom
317,Boardman,The Spread of Rhinovirus in Boardman has been Confirmed,41.02423,-80.66285,United States
318,Richland,Richland Center is infested with Hepatitis B,46.28569,-119.28446,United States
319,Richmond,Authorities are Worried about the Spread of Chickenpox in Richmond,37.55376,-77.46026,United States
320,Kobe,Chikungunya re-emerges in Kobe,34.6913,135.183,Japan
321,Schenectady,Malaria Vaccine is now Required in Schenectady,42.81424,-73.93957,United States
322,Grenoble,Hepatitis D has Arrived in Grenoble,45.17869,5.71479,France
323,Yerevan,West Nile Virus Symptoms Spread all over Yerevan,40.18111,44.51361,Armenia
324,Sincelejo,Zika Outbreak in Sincelejo,9.30472,-75.39778,Colombia
325,Montpellier,Rumors about HIV spreading in Montpellier have been refuted,43.61092,3.87723,France
326,Praia,Praia tests new cure for Pneumonia,14.93152,-23.51254,Cabo Verde
328,Lakewood,Lower Hospitalization in Lakewood after Hepatitis B Vaccine becomes Mandatory,39.70471,-105.08137,United States
329,Kuching,Zika spreads to Kuching,1.55,110.33333,Malaysia
330,Omaha,Spike of Rotavirus Cases in Omaha,41.25626,-95.94043,United States
331,Springs,Tuberculosis re-emerges in Silver Springs,-26.25,28.4,South Africa
332,Coronado,Will West Nile Virus vaccine help Coronado?,32.68589,-117.18309,United States
333,Lorain,Zika case confirmed in Lorain,41.45282,-82.18237,United States
334,Simpsonville,Chickenpox Hits Simpsonville,34.73706,-82.25428,United States
335,Framingham,Framingham Residents Receive Measles vaccine,42.27926,-71.41617,United States
336,Brighton,Rumors about Mad Cow Disease Brighton have been Refuted,50.82838,-0.13947,United Kingdom
337,Jacobina,Zika case reported in Jacobina,-11.18143,-40.51372,Brazil
338,Bridgeport,Bridgeport authorities confirmed the spread of West Nile Virus,41.17923,-73.18945,United States
340,Wailuku,Measles Vaccine is now Required in Wailuku,20.89133,-156.50604,United States
341,Surat,Zika symptoms spotted in Surat,21.19594,72.83023,India
343,Bedford,More contaminated cattle reported in Bedford,52.13459,-0.46632,United Kingdom
344,Tamarac,Zika in Tamarac!,26.21286,-80.24977,United States
345,Milford,Will Measles vaccine help Milford?,41.22232,-73.0565,United States
346,Huddersfield,Spike of Norovirus Cases in Huddersfield,53.64904,-1.78416,United Kingdom
347,Bakersfield,Rhinovirus Hits Bakersfield,35.37329,-119.01871,United States
348,Papeete,Lower Hospitalization in Papeete after Measles Vaccine becomes Mandatory,-17.53733,-149.5665,French Polynesia
349,Udon Thani,Zika arrives in Udon Thani,17.41567,102.78589,Thailand
350,Stockholm,Spike of Dengue Cases in Stockholm,59.33258,18.0649,Sweden
351,Berkeley,More people in Berkeley are infected with Swine Flu every year,37.87159,-122.27275,United States
353,New Orleans,Zika only the latest mosquito-borne threat to New Orleans,29.95465,-90.07507,United States
354,Annapolis,Will Swine Flu vaccine help Annapolis?,38.97845,-76.49218,United States
355,Monroe,Lower Hospitalization in Monroe after Hepatitis D Vaccine becomes Mandatory,32.50931,-92.1193,United States
356,Saginaw,New medicine wipes out Dengue in Saginaw,43.41947,-83.95081,United States
357,Sevierville,Spike of Rhinovirus Cases in Sevierville,35.86815,-83.56184,United States
358,Duisburg,Duisburg up in Arms over Mad Cow Disease,51.43247,6.76516,Germany
359,Saint Charles,New medicine wipes out Mumps in Saint Charles,38.78394,-90.48123,United States
360,Gaithersburg,Case of Chikungunya Reported in Gaithersburg,39.14344,-77.20137,United States
361,San Bernardino,How to Avoid Respiratory Syncytial Virus in San Bernardino,34.10834,-117.28977,United States
362,Laventille,Laventille authorities confirmed the spread of Rhinovirus,10.64917,-61.49889,Trinidad and Tobago
363,Waco,More Zika patients reported in Waco,31.54933,-97.14667,United States
364,Newcastle,Will Herpes vaccine help Newcastle?,-27.75796,29.9318,South Africa
365,Erie,Erie County sets Zika traps,42.12922,-80.08506,United States
367,Greenville,How to Avoid Norovirus in Greenville,35.61266,-77.36635,United States
368,Calumpang,More Zika patients reported in Calumpang,14.6228,121.0897,Philippines
369,Quisqueya,Zika symptoms spotted in Quisqueya,18.55542,-69.40814,Dominican Republic
370,Montreal,Rumors about Hepatitis D Spreading in Montreal have been Refuted,45.50884,-73.58781,Canada
371,Fortaleza,Zika symptoms spotted in Fortaleza,-3.71722,-38.54306,Brazil
372,Bundaberg,Rumors about Bronchitis spreading in Bundaberg have been refuted,-24.86621,152.3479,Australia
373,Stamford,Hepatitis A re-emerges in Stamford,41.05343,-73.53873,United States
374,Huntington,Schools in Huntington Closed Due to Rotavirus Outbreak,38.41925,-82.44515,United States
375,Bristol,Will Mad Cow Vaccine Help Bristol?,51.45523,-2.59665,United Kingdom
376,Stillwater,Chickenpox Comes to Stillwater,36.11561,-97.05837,United States
377,Imperial,The Spread of Meningitis in Imperial has been Confirmed,-13.05927,-76.35269,Peru
380,Springdale,Case of Measles Reported in Springdale,36.18674,-94.12881,United States
381,Norwalk,Norwalk Encounters Severe Symptoms of Malaria,33.90224,-118.08173,United States
382,Orange,Zika arrives in Orange City,33.78779,-117.85311,United States
383,Pilsen,Pilsen Encounters Severe Symptoms of Malaria,49.74747,13.37759,Czechia
384,La Paz,Will Hepatitis B vaccine help La Paz?,-16.5,-68.15,Bolivia
385,Puducherry,Zika Outbreak in Puducherry,11.93381,79.82979,India
386,Carrollton,More Zika patients reported in Carrollton,32.95373,-96.89028,United States
387,Tangier,Will Rabies vaccine help Tangier?,35.76727,-5.79975,Morocco
388,Iquitos,Zika symptoms spotted in Iquitos,-3.74912,-73.25383,Peru
389,Racine,West Nile Virus Exposure in Racine,42.72613,-87.78285,United States
390,Lansing,The Spread of Hepatitis E in Lansing has been Confirmed,42.73253,-84.55553,United States
391,Alpharetta,West Nile Virus Exposure in Alpharetta,34.07538,-84.29409,United States
392,Pedro Juan Caballero,Pedro Juan Caballero Encounters Severe Symptoms of Pneumonia,-22.54722,-55.73333,Paraguay
393,Melbourne,More Zika patients reported in Melbourne,-37.814,144.96332,Australia
394,La Libertad,Zika Troubles come to La Libertad,-2.233,-80.91039,Ecuador
395,Mattoon,Herpes Vaccine is now Required in Mattoon,39.48309,-88.37283,United States
396,Kent,Kent is infested with Rabies,47.38093,-122.23484,United States
397,Bonita Springs,Zika symptoms spotted in Bonita Springs,26.33981,-81.7787,United States
398,Brazzaville,The Spread of Malaria in Brazzaville has been Confirmed,-4.26613,15.28318,Republic of the Congo
399,Fort Myers,More Zika patients reported in Fort Myers,26.62168,-81.84059,United States
400,Lewisville,Zika spreads to Lewisville,33.04623,-96.99417,United States
401,Ogden,Ogden is infested with Gonorrhea,41.223,-111.97383,United States
402,Fort Hood,Fort Hood Reports its First Zika Patient,31.13489,-97.77561,United States
403,Huzhou,Huzhou Residents Receive Hepatitis B vaccine,30.8703,120.0933,China
404,Newburgh,New medicine wipes out Rabies in Newburgh,41.50343,-74.01042,United States
405,Iowa City,Iowa City Encounters Severe Symptoms of Rhinovirus,41.66113,-91.53017,United States
406,Managua,Spike of Rabies Cases in Managua,12.13282,-86.2504,Nicaragua
407,Santa Elena,Outbreak of Zika in Santa Elena,-2.22622,-80.85873,Ecuador
408,Howard Beach,Mumps Hits Howard Beach,40.65788,-73.83625,United States
409,Reno,The Spread of Gonorrhea in Reno has been Confirmed,39.52963,-119.8138,United States
410,Plainfield,How to Avoid Rhinovirus in Plainfield,40.63371,-74.40737,United States
411,Carlsbad,Rumors about Varicella spreading in Carlsbad have been refuted,33.15809,-117.35059,United States
412,Scranton,Scranton authorities confirmed the spread of Gonorrhea,41.40916,-75.6649,United States
413,Brussels,Mad Cow Disease Disastrous to Brussels,50.85045,4.34878,Belgium
414,Olinda,Zika spreads to Olinda,-8.00889,-34.85528,Brazil
415,Hallandale Beach,Hallandale Beach a Victim of Zika Outbreak,25.9812,-80.14838,United States
416,Storrs,Rhinovirus re-emerges in Storrs,41.80843,-72.24952,United States
417,Germantown,Germantown authorities confirmed the spread of Chickenpox,39.17316,-77.27165,United States
418,North Platte,Rumors about Rotavirus spreading in North Platte have been refuted,41.12389,-100.76542,United States
419,Golden,Spike of Hepatitis C Cases in Golden,39.75554,-105.2211,United States
420,Ganja,Authorities are Worried about the Spread of Hepatitis D in Ganja,40.68278,46.36056,Azerbaijan
421,Kathmandu,Dengue Exposure in Kathmandu,27.70169,85.3206,Nepal
422,Fairfield,Tuberculosis has Arrived in Fairfield,38.24936,-122.03997,United States
423,Kozhikode,Outbreak of Zika in Kozhikode,11.24802,75.7804,India
424,Santa Fe,Bronchitis Symptoms Spread all over Santa Fe,-31.64881,-60.70868,Argentina
425,Alexandria,More Patients in Alexandria are Getting Diagnosed with Mumps,31.20176,29.91582,Egypt
426,Alhambra,Pneumonia Exposure in Alhambra,33.49838,-112.13432,United States
427,Damascus,Hepatitis C re-emerges in Damascus,33.5102,36.29128,Syria
428,Pekanbaru,Lower Hospitalization in Pekanbaru after Rotavirus Vaccine becomes Mandatory,0.51667,101.44167,Indonesia
430,Bentonville,Schools in Bentonville Closed Due to Hepatitis B Outbreak,36.37285,-94.20882,United States
431,Hammond,Hepatitis E Hits Hammond,41.58337,-87.50004,United States
432,Bridgeton,Schools in Bridgeton Closed Due to Mumps Outbreak,39.42734,-75.23408,United States
433,Biloxi,Biloxi Residents Recieve Chlamydia vaccine,30.39603,-88.88531,United States
434,Hilden,Case of Mad Cow Disease Reported in Hilden,51.16818,6.93093,Germany
435,Khartoum,Rumors about Rabies Spreading in Khartoum have been Refuted,15.55177,32.53241,Sudan
436,Harare,Harare is infested with Pneumonia,-17.82772,31.05337,Zimbabwe
437,Sibu,Zika symptoms spotted in Sibu,2.3,111.81667,Malaysia
438,Quezon,Zika arrives in Quezon,7.73028,125.09889,Philippines
439,Crawfordsville,More Patients in Crawfordsville are Getting Diagnosed with Rabies,40.04115,-86.87445,United States
440,Greenville,Spike of Hepatitis B Cases in Greenville,35.61266,-77.36635,United States
441,Akron,Authorities are Worried about the Spread of Hepatitis D in Akron,41.08144,-81.51901,United States
442,Nuevo Laredo,More Zika patients reported in Nuevo Laredo,27.47629,-99.51639,Mexico
443,San Mateo,Bronchitis Keeps Spreading in San Mateo,14.6982,121.1236,Philippines
444,Boca Raton,Zika arrives in Boca Raton,26.35869,-80.0831,United States
445,Bradenton,Bradenton Experiences Zika Troubles,27.49893,-82.57482,United States
446,University City,Chlamydia Symptoms Spread all over University City,38.65588,-90.30928,United States
447,Wisconsin Rapids,Wisconsin Rapids Patient in Critical Condition after Contracting Chickenpox,44.38358,-89.81735,United States
448,Kissimmee,Zika spreads to Kissimmee,28.30468,-81.41667,United States
449,Fremont,Herpes Symptoms Spread all over Fremont,37.54827,-121.98857,United States
450,The Bronx,Spike of Pneumonia Cases in The Bronx,40.84985,-73.86641,United States
451,North Bay,Authorities are Worried about the Spread of Hepatitis D in North Bay,46.3168,-79.46633,Canada
452,Baku,The Spread of Herpes in Baku has been Confirmed,40.37767,49.89201,Azerbaijan
453,Sochi,Will Measles vaccine help Sochi?,43.59917,39.72569,Russia
454,Caguas,Tuberculosis Symptoms Spread all over Caguas,18.23412,-66.0485,Puerto Rico
455,Tacoma,HIV has Arrived in Tacoma,47.25288,-122.44429,United States
456,Nashua,Malaria re-emerges in Nashua,42.76537,-71.46757,United States
457,Arvada,Arvada is infested with Syphilis,39.80276,-105.08748,United States
458,Monroe,Spike of Syphilis Cases in West Monroe,32.50931,-92.1193,United States
459,Ribeirao Preto,More Zika patients reported in Ribeirao Preto,-21.1775,-47.81028,Brazil
461,Deerfield,Deerfield tests new cure for Measles,42.17114,-87.84451,United States
462,Bonn,Contaminated Meat Brings Trouble for Bonn Farmers,50.73438,7.09549,Germany
464,Foster City,Hepatitis A re-emerges in Foster City,37.55855,-122.27108,United States
465,Santa Monica,How to Avoid Tuberculosis in Santa Monica,34.01945,-118.49119,United States
466,Fort Pierce,Zika reported in Fort Pierce,27.44671,-80.32561,United States
467,Pyongyang,Authorities are Worried about the Spread of Syphilis in Pyongyang,39.03385,125.75432,North Korea
468,Winter Park,Zika spreads to Winter Park,28.6,-81.33924,United States
469,Durango,Durango is infested with Hepatitis B,43.17124,-2.6338,Spain
470,Staten Island,Hepatitis A has not Left Staten Island,40.56233,-74.13986,United States
471,Mpika,Mpika authorities confirmed the spread of Chikungunya,-11.83431,31.45287,Zambia
472,Gladstone,Gladstone Encounters Severe Symptoms of Dengue,-23.84852,151.25775,Australia
473,London,Mad Cow Disease Hits London,51.50853,-0.12574,United Kingdom
474,New Milford,New Milford Patient in Critical Condition after Contracting Respiratory Syncytial Virus,40.9351,-74.01903,United States
475,Palo Alto,More people in Palo Alto are infected with HIV every year,37.44188,-122.14302,United States
476,Hinthada,HIV Symptoms Spread all over Hinthada,17.64944,95.45705,Myanmar
477,Quito,Zika symptoms spotted in Quito,-0.22985,-78.52495,Ecuador
478,Vineland,Vineland authorities confirmed the spread of Chlamydia,39.48623,-75.02573,United States
479,Zamboanga,"Sulu, Zamboanga brace for Zika",6.91028,122.07389,Philippines
480,Custodia,More Zika patients reported in Custodia,-8.0875,-37.64306,Brazil
481,Tupelo,Tupelo Residents Recieve Syphilis vaccine,34.25807,-88.70464,United States
483,Lisbon,Spanish Flu Outbreak in Lisbon,38.71667,-9.13333,Portugal
484,Madrid,Spanish Flu Spreading through Madrid,40.4165,-3.70256,Spain
485,Barcelona,Barcelona Struck by Spanish Flu,41.38879,2.15899,Spain
486,Lisbon,Spanish Flu Outbreak in Lisbon,38.71667,-9.13333,Portugal
487,Madrid,Spanish Flu Spreading through Madrid,40.4165,-3.70256,Spain
488,Barcelona,Barcelona Struck by Spanish Flu,41.38879,2.15899,Spain
489,Yakima,The Spread of Dengue in Yakima has been Confirmed,46.60207,-120.5059,United States
490,Luanda,Tuberculosis Hits Luanda,-8.83682,13.23432,Angola
491,Dumai,Will West Nile Virus vaccine help Dumai?,1.66711,101.44316,Indonesia
492,Redmond,Rumors about Chlamydia spreading in Redmond have been refuted,47.67399,-122.12151,United States
493,Concord,Case of Varicella Reported in Concord,37.97798,-122.03107,United States
494,Rockland,Zika virus case reported in Rockland,42.13066,-70.91616,United States
495,Mankato,Zika investigators coming to Mankato,44.15906,-94.00915,United States
496,Toms River,Toms River Encounters Severe Symptoms of Respiratory Syncytial Virus,39.95373,-74.19792,United States
497,Zanzibar,The Spread of Malaria in Zanzibar has been Confirmed,-6.16394,39.19793,Tanzania
498,Zanzibar,Malaria Outbreak Hits Zanzibar's Tourist Industry,-6.16394,39.19793,Tanzania
499,Arusha,Tourist Perishes from Malaria in Arusha,-3.36667,36.68333,Tanzania
500,New Kingston,Herpes Symptoms Spread all over New Kingston,18.00747,-76.78319,Jamaica
501,Yokohama,More people in Yokohama are infected with Norovirus every year,35.43333,139.65,Japan
502,Kitwe,More people in Kitwe are infected with Respiratory Syncytial Virus every year,-12.80243,28.21323,Zambia
503,Bismarck,Hepatitis D Keeps Spreading in Bismarck,46.80833,-100.78374,United States
504,Minot,Varicella Outbreak in Minot,48.23251,-101.29627,United States
505,Terrebonne,Malaria has Arrived in Terrebonne,45.70004,-73.64732,Canada
506,North Vancouver,Chikungunya Keeps Spreading in North Vancouver,49.31636,-123.06934,Canada
507,Hemet,Authorities are Worried about the Spread of Chickenpox in Hemet,33.74761,-116.97307,United States
510,Darien,Rumors about Hepatitis C spreading in Darien have been refuted,41.75198,-87.97395,United States
511,Fairfield,The Spread of West Nile Virus in Fairfield has been Confirmed,38.24936,-122.03997,United States
512,Princeton,Princeton Encounters Severe Symptoms of Dengue,40.34872,-74.65905,United States
513,Copenhagen,Norovirus Keeps Spreading in Copenhagen,55.67594,12.56553,Denmark
514,Wuhan,Wuhan is infested with Varicella,30.58333,114.26667,China
515,San Luis Potosi,Zika spreads to San Luis Potosi,22.14982,-100.97916,Mexico
517,Canberra,Spike of Norovirus Cases in Canberra,-35.28346,149.12807,Australia
518,Greater Noida,Zika Troubles come to Greater Noida,28.49615,77.53601,India
519,Palm Springs,Lower Hospitalization in Palm Springs after Hepatitis A Vaccine becomes Mandatory,33.8303,-116.54529,United States
521,Leesburg,Outbreak of Zika in Leesburg,39.11566,-77.5636,United States
522,Cantu,Authorities are Worried about the Spread of Tuberculosis in Cantu,45.74096,9.13084,Italy
524,Kihei,New medicine wipes out HIV in Kihei,20.76462,-156.44578,United States
525,Sangre Grande,Sangre Grande Residents Recieve Gonorrhea vaccine,10.58705,-61.13008,Trinidad and Tobago
526,Colombo,Outbreak of Zika in Colombo,6.93548,79.84868,Sri Lanka
527,Addis Ababa,Will Rotavirus vaccine help Addis Ababa?,9.02497,38.74689,Ethiopia
528,University,Stony Brook University experts discuss Zika virus,28.07389,-82.43902,United States
529,Janesville,Lower Hospitalization in Janesville after Varicella Vaccine becomes Mandatory,42.68279,-89.01872,United States
530,Altus,Rabies Outbreak in Altus,34.63813,-99.33398,United States
531,Miami,Miami resident suggests Zika precautions,25.77427,-80.19366,United States
532,Jaen,Zika Troubles come to Jaen,15.3275,120.9192,Philippines
533,Edinburgh,Hepatitis B Exposure in Edinburgh,55.95206,-3.19648,United Kingdom
534,Reynosa,Zika case reported in Reynosa,26.08061,-98.28835,Mexico
535,Tulare,Schools in Tulare Closed Due to Mumps Outbreak,36.20773,-119.34734,United States
536,Chennai,More Zika patients reported in Chennai,13.08784,80.27847,India
537,Danvers,Hepatitis D Keeps Spreading in Danvers,42.57509,-70.93005,United States
538,Miami,Authorities a Miami,25.77427,-80.19366,United States
539,Medellin,Zika case reported in Medellin,6.25184,-75.56359,Colombia
540,Albuquerque,Spike of Tuberculosis Cases in Albuquerque,35.08449,-106.65114,United States
541,Cranford,More people in Cranford are infected with Hepatitis A every year,40.65844,-74.29959,United States
542,Monroe,West Nile Virus Hits Monroe,32.50931,-92.1193,United States
543,Springville,Pneumonia Outbreak in Springville,40.16523,-111.61075,United States
544,San Onofre,Zika arrives in San Onofre,9.73586,-75.52626,Colombia
545,Moscow,Lung Cancer Rates Increasing in Moscow,55.75222,37.61556,Russia
546,Joliet,Rumors about Rotavirus Spreading in Joliet have been Refuted,41.52519,-88.0834,United States
547,Chanthaburi,More Zika patients reported in Chanthaburi,12.60961,102.10447,Thailand
548,Lawrenceville,Lawrenceville is infested with Dengue,33.95621,-83.98796,United States
549,Ciudad Acuna,Zika Reported in Ciudad Acuna,29.32322,-100.95217,Mexico
550,Limoeiro,Zika case reported in Limoeiro,-7.87472,-35.45028,Brazil
551,Ibadan,Ibadan tests new cure for Malaria,7.37756,3.90591,Nigeria
552,Avon Lake,Gonorrhea has Arrived in Avon Lake,41.50532,-82.0282,United States
553,Kinshasa,Pneumonia has not Left Kinshasa,-4.32758,15.31357,Democratic Republic of the Congo
554,Henderson,Respiratory Syncytial Virus Hits Henderson,36.0397,-114.98194,United States
555,Lakeland,More Zika patients reported in Lakeland,28.03947,-81.9498,United States
556,Winona,Malaria Vaccine is now Required in Winona,44.04996,-91.63932,United States
557,Canton,More Patients in Canton are Getting Diagnosed with Norovirus,42.30865,-83.48216,United States
558,Ronkonkoma,Ronkonkoma is infested with Chickenpox,40.81538,-73.11233,United States
559,Kedougou,Kedougou tests new cure for Hepatitis C,12.55561,-12.18076,Senegal
560,Norwalk,Gonorrhea Exposure in Norwalk,33.90224,-118.08173,United States
561,Medford,How to Avoid Rhinovirus in Medford,42.32652,-122.87559,United States
562,Evansville,Hepatitis D Symptoms Spread all over Evansville,37.97476,-87.55585,United States
563,Bossier City,New medicine wipes out Herpes in Bossier City,32.51599,-93.73212,United States
564,San Jose,Pneumonia Exposure in San Jose,37.33939,-121.89496,United States
565,Edinburgh,Authorities are Worried about the Spread of Mad Cow Disease in Edinburgh,55.95206,-3.19648,United Kingdom
566,Duluth,Duluth Patient in Critical Condition after Contracting Rotavirus,46.78327,-92.10658,United States
568,Norfolk,Norfolk tests new cure for Herpes,36.84681,-76.28522,United States
569,Botucatu,More Zika patients reported in Botucatu,-22.88583,-48.445,Brazil
570,Manassas,Manassas Encounters Severe Symptoms of Measles,38.75095,-77.47527,United States
571,Fayetteville,Fayetteville authorities confirmed the spread of HIV,35.05266,-78.87836,United States
572,Cambridge,Varicella Exposure in Cambridge,52.2,0.11667,United Kingdom
573,Fukushima,Hepatitis A Vaccine is now Required in Fukushima,37.75,140.46667,Japan
574,Miami,Zika Outbreak in South Miami,25.77427,-80.19366,United States
575,North Bethesda,Hepatitis D Symptoms Spread all over North Bethesda,39.04455,-77.11887,United States
576,Panama City,Panama City's first Zika related death,30.15946,-85.65983,United States
577,Dongguan,West Nile Virus has Arrived in Dongguan,23.01797,113.74866,China
578,Belmopan,Zika arrives in Belmopan,17.25,-88.76667,Belize
579,Yuma,Zika seminars in Yuma County,32.72532,-114.6244,United States
580,Morristown,Rumors about Hepatitis E Spreading in Morristown have been Refuted,36.21398,-83.29489,United States
581,Joplin,Mumps Outbreak in Joplin,37.08423,-94.51328,United States
583,Corona,Authorities are Worried about the Spread of Mumps in Corona,33.87529,-117.56644,United States
584,Danville,Schools in Danville Closed Due to Tuberculosis Outbreak,37.82159,-121.99996,United States
586,Marquette,Marquette tests new cure for Hepatitis A,46.54354,-87.39542,United States
587,Anaheim,Norovirus Vaccine is now Required in Anaheim,33.83529,-117.9145,United States
588,Manaus,Zika Outbreak in Manaus,-3.10194,-60.025,Brazil
589,Caucasia,Zika spreads to Caucasia,7.98654,-75.19349,Colombia
590,Aurora,Case of Malaria Reported in Aurora,39.72943,-104.83192,United States
591,Manchester,Manchester Residents Recieve Influenza vaccine,53.48095,-2.23743,United Kingdom
592,Kamphaeng Phet,Zika spreads to Kamphaeng Phet,16.48344,99.52153,Thailand
593,Labasa,Rotavirus Vaccine is now Required in Labasa,-16.4332,179.36451,Fiji
594,Fargo,The Spread of Hepatitis E in Fargo has been Confirmed,46.87719,-96.7898,United States
595,Mexicali,Zika Outbreak in Mexicali,32.62781,-115.45446,Mexico
596,Hauppauge,West Nile Virus Keeps Spreading in Hauppauge,40.82565,-73.20261,United States
597,Hayward,Bronchitis Keeps Spreading in Hayward,37.66882,-122.0808,United States
600,Plant City,Zika spreads to Plant City,28.01888,-82.11469,United States
601,Sanaa,Chlamydia Exposure in Sanaa,15.35472,44.20667,Yemen
602,North Miami Beach,Zika Reported in North Miami Beach,25.93315,-80.16255,United States
603,Kensington,More Patients in Kensington are Getting Diagnosed with Varicella,40.64621,-73.97069,United States
605,Riverside,Case of West Nile Virus Reported in Riverside,33.95335,-117.39616,United States
606,Northfield,Northfield Encounters Severe Symptoms of Herpes,44.4583,-93.1616,United States
607,Monroe,The Spread of Respiratory Syncytial Virus in Monroe has been Confirmed,32.50931,-92.1193,United States
608,Trenton,How to Avoid Hepatitis B in Trenton,40.21705,-74.74294,United States
609,Ilopango,Zika Reported in Ilopango,13.70167,-89.10944,El Salvador
610,Barstow,Barstow Patient in Critical Condition after Contracting Herpes,34.89859,-117.02282,United States
611,Aswan,Hepatitis D Exposure in Aswan,24.09082,32.89942,Egypt
612,East Moline,Will Gonorrhea vaccine help East Moline?,41.50087,-90.4443,United States
613,Redlands,New medicine wipes out Influenza in Redlands,34.05557,-117.18254,United States
614,Basel,How to Avoid Contaminated Meat when Visiting Basel,47.55839,7.57327,Switzerland
615,Kampong Speu,More Zika patients reported in Kampong Speu,11.45332,104.52085,Cambodia
616,Alameda,Alameda Residents Recieve Rabies vaccine,37.76521,-122.24164,United States
617,Lyon,Mad Cow Disease Detected in Lyon,45.74846,4.84671,France
618,Memphis,Memphis Encounters Severe Symptoms of Swine Flu,35.14953,-90.04898,United States
619,Delray Beach,Zika Troubles come to Delray Beach,26.46146,-80.07282,United States
620,Hampton,How to Avoid Chikungunya in Hampton,37.02987,-76.34522,United States
621,Sao Jose,Zika Reported in Sao Jose,-28.21171,-49.1632,Brazil
622,Stratford,Case of Norovirus Reported in Stratford,41.18454,-73.13317,United States
623,South Bend,How to Avoid Hepatitis E in South Bend,41.68338,-86.25001,United States
624,Bethlehem,Hepatitis C Outbreak in Bethlehem,-28.23078,28.30707,South Africa
625,Davenport,Davenport is infested with Dengue,41.52364,-90.57764,United States
626,Suzhou,Rumors about Swine Flu spreading in Suzhou have been refuted,31.30408,120.59538,China
627,Elyria,Malaria Vaccine is now Required in Elyria,41.36838,-82.10765,United States
629,Tbilisi,Case of Swine Flu Reported in Tbilisi,41.69411,44.83368,Georgia
632,Suffolk,Influenza Keeps Spreading in Suffolk,36.72836,-76.58496,United States
633,Allentown,More people in Allentown are infected with Chlamydia every year,40.60843,-75.49018,United States
634,Bedford,Mad Cow Disease re-emerges in Bedford,52.13459,-0.46632,United Kingdom
635,Yiwu,Authorities are Worried about the Spread of Hepatitis B in Yiwu,29.31506,120.07676,China
636,Yurimaguas,Zika Outbreak in Yurimaguas,-5.90181,-76.12234,Peru
637,Easton,Dengue Outbreak in Easton,40.68843,-75.22073,United States
638,Milton,Varicella has Arrived in Milton,43.51681,-79.88294,Canada
639,Sevilla,New medicine wipes out Meningitis in Sevilla,37.38283,-5.97317,Spain
640,Clovis,Authorities are Worried about the Spread of Varicella in Clovis,36.82523,-119.70292,United States
641,Fort Worth,More Zika patients reported in Fort Worth,32.72541,-97.32085,United States
642,Boynton Beach,Zika symptoms spotted in Boynton Beach,26.52535,-80.06643,United States
643,Portoviejo,Outbreak of Zika in Portoviejo,-1.05458,-80.45445,Ecuador
644,Muscat,Influenza Exposure in Muscat,23.58413,58.40778,Oman
645,Jerusalem,Rumors about Rabies spreading in Jerusalem have been refuted,31.76904,35.21633,Israel
646,Indang,More Zika patients reported in Indang,14.19528,120.87694,Philippines
647,Suva,Suva authorities confirmed the spread of Rotavirus,-18.14161,178.44149,Fiji
648,Bella Vista,More Zika patients reported in Bella Vista,18.45539,-69.9454,Dominican Republic
649,Wichita Falls,Zika Outbreak in Wichita Falls,33.91371,-98.49339,United States
